, ,Train , Test 
Report SVC,accuracy, 0.9282914336486698,0.9280861294031568
,roc_auc, 0.8551730349196858,0.6524753664905696
,precision, 1.0,0.1
,recall, 0.003269160915365057,0.00014534883720930232
,f1, 0.006515083257307421,0.0002902757619738752
,average_precision, 0.45472984064068067,0.1265774502989742


